{
    "best_coil_phase": [
        -1.5686345100402832,
        1.2700506448745728,
        -1.6870782375335693,
        2.274559259414673,
        1.9948980808258057,
        0.17648883163928986,
        0.3010057508945465,
        1.0021262168884277
    ],
    "best_coil_amplitude": [
        0.025222983211278915,
        -0.0237421952188015,
        0.14809885621070862,
        0.1080956906080246,
        0.0002734212321229279,
        -0.021549759432673454,
        -0.01727641373872757,
        -0.015241649933159351
    ],
    "best_coil_config_cost": 0.5778598562944336,
    "default_coil_config_cost": 1.568172164346507,
    "cost_improvement_absolute": -0.9903123080520734,
    "cost_improvement_relative": -0.6315073883898195,
    "cost_function_name": "B1HomogeneitySARCost",
    "cost_function_direction": "maximize",
    "simulation_data": "children_3_tubes_10_id_23100"
}