{
    "best_coil_phase": [
        -0.6718247532844543,
        -0.01945590227842331,
        -0.08220579475164413,
        1.2880017757415771,
        -1.0342745780944824,
        0.8415066003799438,
        -0.04299646243453026,
        -0.6197288632392883
    ],
    "best_coil_amplitude": [
        -0.42990756034851074,
        -0.5480740666389465,
        0.9642564654350281,
        -0.2028658539056778,
        0.17912757396697998,
        1.0315093994140625,
        -1.7353020906448364,
        -0.7630714178085327
    ],
    "best_coil_config_cost": 1.2716419891087074,
    "default_coil_config_cost": 1.7077859976210712,
    "cost_improvement_absolute": -0.4361440085123638,
    "cost_improvement_relative": -0.25538563328186786,
    "cost_function_name": "B1HomogeneitySARCost",
    "cost_function_direction": "maximize",
    "simulation_data": "children_1_tubes_7_id_21821"
}