{
    "best_coil_phase": [
        -0.13257113099098206,
        0.301105260848999,
        2.282334089279175,
        1.7819392681121826,
        -0.8756921291351318,
        0.754362165927887,
        0.6748824715614319,
        -0.315247505903244
    ],
    "best_coil_amplitude": [
        -0.30906158685684204,
        -0.4812650978565216,
        0.5832380652427673,
        0.9848660230636597,
        0.7372446656227112,
        0.5736231207847595,
        -0.2996506989002228,
        -0.23870739340782166
    ],
    "best_coil_config_cost": 0.8910934459753902,
    "default_coil_config_cost": 1.553136731020937,
    "cost_improvement_absolute": -0.6620432850455468,
    "cost_improvement_relative": -0.42626207456336446,
    "cost_function_name": "B1HomogeneitySARCost",
    "cost_function_direction": "maximize",
    "simulation_data": "children_2_tubes_4_id_14588"
}