{
    "best_coil_phase": [
        -0.9675931334495544,
        0.8738476634025574,
        -0.3053506910800934,
        1.2353101968765259,
        -2.3146328926086426,
        -0.11324102431535721,
        -0.16942954063415527,
        -0.27907851338386536
    ],
    "best_coil_amplitude": [
        0.20063763856887817,
        0.1460256725549698,
        -0.8293031454086304,
        1.3461365699768066,
        -1.2831435203552246,
        -0.8655602931976318,
        -0.31944000720977783,
        0.03022553026676178
    ],
    "best_coil_config_cost": 1.5621622089890514,
    "default_coil_config_cost": 1.5626325939615895,
    "cost_improvement_absolute": -0.00047038497253804046,
    "cost_improvement_relative": -0.0003010208377552906,
    "cost_function_name": "B1HomogeneitySARCost",
    "cost_function_direction": "maximize",
    "simulation_data": "children_0_tubes_5_id_31638"
}