{
    "best_coil_phase": [
        1.5944441556930542,
        -2.1862261295318604,
        0.8732008337974548,
        -1.6807430982589722,
        2.147423505783081,
        1.355780839920044,
        -1.0393040180206299,
        -0.13692252337932587
    ],
    "best_coil_amplitude": [
        0.03427436947822571,
        0.06744063645601273,
        -0.05468716844916344,
        0.043187886476516724,
        -0.06263989210128784,
        -0.1319168210029602,
        0.47541067004203796,
        -0.3958168625831604
    ],
    "best_coil_config_cost": 0.5249236539174519,
    "default_coil_config_cost": 1.3004641227002018,
    "cost_improvement_absolute": -0.77554046878275,
    "cost_improvement_relative": -0.5963566816226091,
    "cost_function_name": "B1HomogeneitySARCost",
    "cost_function_direction": "maximize",
    "simulation_data": "children_1_tubes_2_id_9492"
}