{
    "best_coil_phase": [
        2.0066960729690964,
        3.5212046585938794,
        4.9173709793875044,
        0.2840706978334748,
        2.085354005223799,
        3.528749316745692,
        4.61898984793525,
        0.7668830068627489
    ],
    "best_coil_amplitude": [
        0.555323324755775,
        0.5545517508166768,
        0.5537062194109477,
        0.5066360009465436,
        0.5144006382611142,
        0.609574459364209,
        0.4764987139451896,
        0.6382555965204042
    ],
    "best_coil_config_cost": 1.6325570898294817,
    "default_coil_config_cost": 1.568172164346507,
    "cost_improvement_absolute": 0.0643849254829747,
    "cost_improvement_relative": 0.04105730668278082,
    "cost_function_name": "B1HomogeneitySARCost",
    "cost_function_direction": "maximize",
    "simulation_data": "children_3_tubes_10_id_23100"
}