{
    "best_coil_phase": [
        5.509641025570419,
        0.1613379725881049,
        0.8588609659066186,
        1.7235767403644506,
        2.5148204470727165,
        2.9777655099290508,
        3.7247152081265895,
        4.395956119412411
    ],
    "best_coil_amplitude": [
        0.5796622940669587,
        0.5170179744970431,
        0.6372656170950397,
        0.5769677582773921,
        0.6305932544705222,
        0.7302293408361507,
        0.6962830540426985,
        0.5885190148360409
    ],
    "best_coil_config_cost": 4.914501996358057,
    "default_coil_config_cost": 1.3004641227002018,
    "cost_improvement_absolute": 3.614037873657855,
    "cost_improvement_relative": 2.7790369688583905,
    "cost_function_name": "B1HomogeneitySARCost",
    "cost_function_direction": "maximize",
    "simulation_data": "children_1_tubes_2_id_9492"
}