{
    "best_coil_phase": [
        0.7381730430822336,
        1.2595865336901182,
        2.5425991488042308,
        3.051877374695866,
        4.50393199964181,
        4.1244088274437996,
        5.172912689289039,
        0.3401975606716204
    ],
    "best_coil_amplitude": [
        0.46568234496912586,
        0.4214940158514194,
        0.6698075106363067,
        0.38615286826665174,
        0.5004046779760265,
        0.2744131036041424,
        0.6139802943201815,
        0.5066694302159791
    ],
    "best_coil_config_cost": 3.6345826999509283,
    "default_coil_config_cost": 1.7077859976210712,
    "cost_improvement_absolute": 1.9267967023298571,
    "cost_improvement_relative": 1.1282424759389442,
    "cost_function_name": "B1HomogeneitySARCost",
    "cost_function_direction": "maximize",
    "simulation_data": "children_1_tubes_7_id_21821"
}