{
    "best_coil_phase": [
        1.530806559976618,
        2.760991219013605,
        1.662792269772966,
        2.2241532745301797,
        4.476626823939928,
        3.842979969425766,
        5.288459917247435,
        0.6845728169433185
    ],
    "best_coil_amplitude": [
        0.23946865708504544,
        0.6556123523079332,
        0.44378929928989774,
        0.49870536966408646,
        0.564808680998472,
        0.3717955417133483,
        0.5672629381464849,
        0.33576254644051273
    ],
    "best_coil_config_cost": 2.566401643893558,
    "default_coil_config_cost": 1.5626325939615895,
    "cost_improvement_absolute": 1.0037690499319685,
    "cost_improvement_relative": 0.6423576813966302,
    "cost_function_name": "B1HomogeneitySARCost",
    "cost_function_direction": "maximize",
    "simulation_data": "children_0_tubes_5_id_31638"
}