{
    "best_coil_phase": [
        2.390657558201251,
        2.9632612674496293,
        3.7645616349838966,
        4.84440955159032,
        5.651951177510741,
        0.2842622947014894,
        1.2144201688507665,
        1.8222823568742441
    ],
    "best_coil_amplitude": [
        0.5789303622316004,
        0.43063092560833455,
        0.4767996291763025,
        0.4330589873910009,
        0.451345571476311,
        0.39797531732838987,
        0.6257001328406528,
        0.6264913149254305
    ],
    "best_coil_config_cost": 8.385882418754928,
    "default_coil_config_cost": 1.553136731020937,
    "cost_improvement_absolute": 6.832745687733992,
    "cost_improvement_relative": 4.399320131488078,
    "cost_function_name": "B1HomogeneitySARCost",
    "cost_function_direction": "maximize",
    "simulation_data": "children_2_tubes_4_id_14588"
}