{
    "best_coil_phase": [
        3.70338773727417,
        4.897787094116211,
        0.0025263819843530655,
        3.507606029510498,
        4.410592079162598,
        5.147871017456055,
        0.00048721666098572314,
        6.281722545623779
    ],
    "best_coil_amplitude": [
        0.9972202181816101,
        0.8747947216033936,
        0.5466610789299011,
        0.5239531397819519,
        0.9999954700469971,
        0.9800435900688171,
        0.9832460284233093,
        0.37373489141464233
    ],
    "best_coil_config_cost": 1.8076500140344556,
    "default_coil_config_cost": 1.7077859976210712,
    "cost_improvement_absolute": 0.09986401641338438,
    "cost_improvement_relative": 0.058475720349325945,
    "cost_function_name": "B1HomogeneitySARCost",
    "cost_function_direction": "maximize",
    "simulation_data": "children_1_tubes_7_id_21821"
}