{
    "best_coil_phase": [
        0.10042693465948105,
        5.016236782073975,
        3.316727638244629,
        5.2035722732543945,
        0.011525812558829784,
        0.0869191437959671,
        6.251708507537842,
        1.9117920398712158
    ],
    "best_coil_amplitude": [
        0.9960560202598572,
        0.6517043113708496,
        0.8098772764205933,
        1.6157315485543222e-08,
        0.7865116596221924,
        0.9651550650596619,
        0.7721704244613647,
        0.6152274012565613
    ],
    "best_coil_config_cost": 2.2103199769568658,
    "default_coil_config_cost": 1.5626325939615895,
    "cost_improvement_absolute": 0.6476873829952763,
    "cost_improvement_relative": 0.4144847518848035,
    "cost_function_name": "B1HomogeneitySARCost",
    "cost_function_direction": "maximize",
    "simulation_data": "children_0_tubes_5_id_31638"
}