{
    "best_coil_phase": [
        2.61316180229187,
        3.137784719467163,
        3.6352624893188477,
        4.010807037353516,
        4.278798580169678,
        1.2327920198440552,
        4.050347805023193,
        2.2730836868286133
    ],
    "best_coil_amplitude": [
        0.9022748470306396,
        0.8348302841186523,
        0.9964555501937866,
        0.8538280725479126,
        0.7209059000015259,
        0.00022928840189706534,
        3.496076897135936e-05,
        0.8215057253837585
    ],
    "best_coil_config_cost": 7.009329961364028,
    "default_coil_config_cost": 1.553136731020937,
    "cost_improvement_absolute": 5.456193230343091,
    "cost_improvement_relative": 3.513015384522214,
    "cost_function_name": "B1HomogeneitySARCost",
    "cost_function_direction": "maximize",
    "simulation_data": "children_2_tubes_4_id_14588"
}