{
    "best_coil_phase": [
        3.498788356781006,
        4.491499900817871,
        9.820849300012924e-06,
        6.2831339836120605,
        3.9443883895874023,
        5.356211185455322,
        1.2458717823028564,
        2.6344754695892334
    ],
    "best_coil_amplitude": [
        0.9348968267440796,
        0.7378856539726257,
        0.9999352693557739,
        0.7029889225959778,
        0.8599333763122559,
        0.7008986473083496,
        0.474746435880661,
        0.7717471122741699
    ],
    "best_coil_config_cost": 1.5903531672250466,
    "default_coil_config_cost": 1.568172164346507,
    "cost_improvement_absolute": 0.022181002878539635,
    "cost_improvement_relative": 0.01414449470717583,
    "cost_function_name": "B1HomogeneitySARCost",
    "cost_function_direction": "maximize",
    "simulation_data": "children_3_tubes_10_id_23100"
}