{
    "best_coil_phase": [
        5.689826011657715,
        0.9551153182983398,
        0.00906132161617279,
        3.561357259750366,
        3.126127243041992,
        2.1025261878967285,
        0.39777565002441406,
        5.609638214111328
    ],
    "best_coil_amplitude": [
        0.8569199442863464,
        0.4451114535331726,
        0.5610541105270386,
        0.7468715906143188,
        1.0,
        0.7620643973350525,
        0.4066082239151001,
        0.8578552007675171
    ],
    "best_coil_config_cost": 1.8110608995254553,
    "default_coil_config_cost": 1.504816556736682,
    "cost_improvement_absolute": 0.3062443427887733,
    "cost_improvement_relative": 0.20350941875127243,
    "cost_function_name": "B1HomogeneityCost",
    "cost_function_direction": "maximize",
    "simulation_data": "children_0_tubes_5_id_31638"
}