{
    "best_coil_phase": [
        1.171020269393921,
        1.9793068170547485,
        2.334106922149658,
        3.3257110118865967,
        4.243478298187256,
        5.649603843688965,
        5.908392906188965,
        0.07125091552734375
    ],
    "best_coil_amplitude": [
        0.7333065271377563,
        0.8320791125297546,
        0.7899841070175171,
        0.7218349575996399,
        0.5311400890350342,
        0.9261201620101929,
        0.9425278902053833,
        0.9509018659591675
    ],
    "best_coil_config_cost": 1.747577095776619,
    "default_coil_config_cost": 1.2894649992529847,
    "cost_improvement_absolute": 0.45811209652363427,
    "cost_improvement_relative": 0.35527299832801096,
    "cost_function_name": "B1HomogeneityCost",
    "cost_function_direction": "maximize",
    "simulation_data": "children_1_tubes_2_id_9492"
}