{
    "best_coil_phase": [
        4.810927391052246,
        0.28343573212623596,
        1.1403355598449707,
        1.1726515293121338,
        2.4968643188476562,
        2.6442952156066895,
        3.979355812072754,
        4.9721856117248535
    ],
    "best_coil_amplitude": [
        0.6404472589492798,
        0.533826470375061,
        0.8870194554328918,
        1.0,
        0.5403977036476135,
        0.7611300945281982,
        0.5652493834495544,
        0.4743432402610779
    ],
    "best_coil_config_cost": 1.7166144236734227,
    "default_coil_config_cost": 1.6917383791995741,
    "cost_improvement_absolute": 0.024876044473848502,
    "cost_improvement_relative": 0.014704427575626856,
    "cost_function_name": "B1HomogeneityCost",
    "cost_function_direction": "maximize",
    "simulation_data": "children_1_tubes_7_id_21821"
}