{
    "best_coil_phase": [
        6.0682573318481445,
        0.3134007751941681,
        0.9869033694267273,
        1.6208610534667969,
        3.377030372619629,
        4.650040626525879,
        4.8608222007751465,
        5.769796848297119
    ],
    "best_coil_amplitude": [
        0.8922951817512512,
        0.7145503759384155,
        0.5714196562767029,
        0.3145265281200409,
        0.2976697087287903,
        0.7447764873504639,
        0.8710508942604065,
        0.8211989402770996
    ],
    "best_coil_config_cost": 2.551575687334728,
    "default_coil_config_cost": 1.568172164346507,
    "cost_improvement_absolute": 0.983403522988221,
    "cost_improvement_relative": 0.6271017591987597,
    "cost_function_name": "B1HomogeneitySARCost",
    "cost_function_direction": "maximize",
    "simulation_data": "children_3_tubes_10_id_23100"
}