{
    "best_coil_phase": [
        4.235630035400391,
        5.3209052085876465,
        6.032042503356934,
        0.6252885460853577,
        1.536194920539856,
        2.058678150177002,
        2.930687189102173,
        3.80130672454834
    ],
    "best_coil_amplitude": [
        0.7143048048019409,
        0.5752039551734924,
        0.6242367029190063,
        0.553492546081543,
        0.6146380305290222,
        0.7204732894897461,
        0.8130614757537842,
        0.7642142176628113
    ],
    "best_coil_config_cost": 4.797282022983628,
    "default_coil_config_cost": 1.3004641227002018,
    "cost_improvement_absolute": 3.4968179002834265,
    "cost_improvement_relative": 2.6888999390639503,
    "cost_function_name": "B1HomogeneitySARCost",
    "cost_function_direction": "maximize",
    "simulation_data": "children_1_tubes_2_id_9492"
}