{
    "best_coil_phase": [
        1.8228613138198853,
        3.3458986282348633,
        2.5865230560302734,
        5.2626118659973145,
        4.232177257537842,
        3.9766242504119873,
        0.4218037724494934,
        5.226557731628418
    ],
    "best_coil_amplitude": [
        0.6738670468330383,
        0.44068676233291626,
        0.5990736484527588,
        0.7841820120811462,
        0.5507825016975403,
        0.6147993803024292,
        0.33359667658805847,
        0.3245663046836853
    ],
    "best_coil_config_cost": 2.063957386038023,
    "default_coil_config_cost": 1.5626325939615895,
    "cost_improvement_absolute": 0.5013247920764337,
    "cost_improvement_relative": 0.32082064204578886,
    "cost_function_name": "B1HomogeneitySARCost",
    "cost_function_direction": "maximize",
    "simulation_data": "children_0_tubes_5_id_31638"
}