{
    "best_coil_phase": [
        3.1531178951263428,
        3.976595878601074,
        5.434885025024414,
        0.5478267669677734,
        1.2540702819824219,
        1.8427551984786987,
        2.1599082946777344,
        2.7787082195281982
    ],
    "best_coil_amplitude": [
        0.5888002514839172,
        0.2787173092365265,
        0.36324647068977356,
        0.6294730305671692,
        0.8810287714004517,
        0.9814556241035461,
        0.9848371148109436,
        0.7839308381080627
    ],
    "best_coil_config_cost": 8.413407502033996,
    "default_coil_config_cost": 1.553136731020937,
    "cost_improvement_absolute": 6.8602707710130595,
    "cost_improvement_relative": 4.417042385253189,
    "cost_function_name": "B1HomogeneitySARCost",
    "cost_function_direction": "maximize",
    "simulation_data": "children_2_tubes_4_id_14588"
}