{
    "best_coil_phase": [
        4.6473774909973145,
        4.556284427642822,
        6.117229461669922,
        0.3578032851219177,
        1.0830975770950317,
        1.5465013980865479,
        2.5473086833953857,
        4.193198204040527
    ],
    "best_coil_amplitude": [
        0.9497279524803162,
        0.7873315215110779,
        0.9777302742004395,
        0.5630526542663574,
        0.4081428050994873,
        0.3204757869243622,
        0.5990778803825378,
        0.9697034955024719
    ],
    "best_coil_config_cost": 3.479047066232653,
    "default_coil_config_cost": 1.7077859976210712,
    "cost_improvement_absolute": 1.771261068611582,
    "cost_improvement_relative": 1.0371680474479419,
    "cost_function_name": "B1HomogeneitySARCost",
    "cost_function_direction": "maximize",
    "simulation_data": "children_1_tubes_7_id_21821"
}