{
    "best_coil_phase": [
        5.060282230377197,
        6.180518627166748,
        0.27561429142951965,
        0.9642267227172852,
        1.5655518770217896,
        2.3398172855377197,
        2.884201765060425,
        4.018725395202637
    ],
    "best_coil_amplitude": [
        0.6432800889015198,
        1.0030500888824463,
        1.1140979528427124,
        1.02584707736969,
        0.94890958070755,
        0.7657437324523926,
        0.7603966593742371,
        0.5117076635360718
    ],
    "best_coil_config_cost": 2.4548695597530528,
    "default_coil_config_cost": 1.534613773728742,
    "cost_improvement_absolute": 0.9202557860243108,
    "cost_improvement_relative": 0.5996660539467926,
    "cost_function_name": "B1HomogeneityCost",
    "cost_function_direction": "maximize",
    "simulation_data": "children_2_tubes_4_id_14588"
}