{
    "best_coil_phase": [
        5.249421119689941,
        -0.8329361081123352,
        -0.7879693508148193,
        -0.8979434967041016,
        1.91155207157135,
        4.552338123321533,
        4.762023448944092,
        5.12647819519043
    ],
    "best_coil_amplitude": [
        1.0779417753219604,
        0.8367918133735657,
        0.7684919834136963,
        0.49419161677360535,
        -0.37879326939582825,
        0.6413061022758484,
        0.9790124893188477,
        1.054686427116394
    ],
    "best_coil_config_cost": 1.7471276407185676,
    "default_coil_config_cost": 1.556482954876582,
    "cost_improvement_absolute": 0.19064468584198568,
    "cost_improvement_relative": 0.12248427471992615,
    "cost_function_name": "B1HomogeneityCost",
    "cost_function_direction": "maximize",
    "simulation_data": "children_3_tubes_10_id_23100"
}