{
    "best_coil_phase": [
        0.5537123680114746,
        7.177287578582764,
        0.9803961515426636,
        1.9584330320358276,
        1.9559440612792969,
        1.2665091753005981,
        2.8773605823516846,
        5.144021034240723
    ],
    "best_coil_amplitude": [
        0.5544949769973755,
        0.34918418526649475,
        0.863525390625,
        0.8858394026756287,
        1.058797001838684,
        0.8359795212745667,
        0.26750704646110535,
        -0.7487930655479431
    ],
    "best_coil_config_cost": 2.148128311839803,
    "default_coil_config_cost": 1.504816556736682,
    "cost_improvement_absolute": 0.6433117551031211,
    "cost_improvement_relative": 0.42750177901962705,
    "cost_function_name": "B1HomogeneityCost",
    "cost_function_direction": "maximize",
    "simulation_data": "children_0_tubes_5_id_31638"
}