{
    "best_coil_phase": [
        5.815695762634277,
        0.8915413022041321,
        1.6210436820983887,
        2.905543088912964,
        5.829474925994873,
        6.969821929931641,
        1.390479326248169,
        2.6861178874969482
    ],
    "best_coil_amplitude": [
        0.46592578291893005,
        1.0922763347625732,
        0.8196896314620972,
        0.2680405378341675,
        0.6094716787338257,
        0.9773406982421875,
        0.8611075282096863,
        0.31070324778556824
    ],
    "best_coil_config_cost": 1.7202098586123635,
    "default_coil_config_cost": 1.6917383791995741,
    "cost_improvement_absolute": 0.02847147941278938,
    "cost_improvement_relative": 0.016829717740552957,
    "cost_function_name": "B1HomogeneityCost",
    "cost_function_direction": "maximize",
    "simulation_data": "children_1_tubes_7_id_21821"
}