{
    "best_coil_phase": [
        5.864102363586426,
        0.33037126064300537,
        0.8048648834228516,
        1.9065051078796387,
        3.193443536758423,
        4.286539077758789,
        4.702662467956543,
        5.450286388397217
    ],
    "best_coil_amplitude": [
        1.1008199453353882,
        0.8169102072715759,
        0.7524811029434204,
        0.4064413011074066,
        0.48156341910362244,
        0.7773703932762146,
        0.9715788960456848,
        1.0862632989883423
    ],
    "best_coil_config_cost": 1.781667105099177,
    "default_coil_config_cost": 1.2894649992529847,
    "cost_improvement_absolute": 0.4922021058461923,
    "cost_improvement_relative": 0.3817103264775203,
    "cost_function_name": "B1HomogeneityCost",
    "cost_function_direction": "maximize",
    "simulation_data": "children_1_tubes_2_id_9492"
}