{
    "best_coil_phase": [
        1.883134365081787,
        0.21838343143463135,
        -1.3024972677230835,
        -2.7490437030792236,
        1.8043358325958252,
        -0.29017266631126404,
        0.11979630589485168,
        0.9932717680931091
    ],
    "best_coil_amplitude": [
        0.490817129611969,
        0.7502352595329285,
        -0.5099400877952576,
        0.24721133708953857,
        -0.5148838758468628,
        0.8819980621337891,
        1.0408567190170288,
        0.9224063158035278
    ],
    "best_coil_config_cost": 1.5641579108829755,
    "default_coil_config_cost": 1.556482954876582,
    "cost_improvement_absolute": 0.007674956006393563,
    "cost_improvement_relative": 0.004930960523754744,
    "cost_function_name": "B1HomogeneityCost",
    "cost_function_direction": "maximize",
    "simulation_data": "children_3_tubes_10_id_23100"
}