{
    "best_coil_phase": [
        0.33817005157470703,
        -1.9909791946411133,
        -1.6168708801269531,
        -0.8760820031166077,
        2.8959851264953613,
        1.2839096784591675,
        -1.1186786890029907,
        -0.1618623584508896
    ],
    "best_coil_amplitude": [
        1.5119119882583618,
        -1.3184568881988525,
        -1.4296661615371704,
        -1.0410096645355225,
        0.8208709359169006,
        -0.7225875854492188,
        0.9757544994354248,
        1.2916115522384644
    ],
    "best_coil_config_cost": 1.7762601817280184,
    "default_coil_config_cost": 1.2894649992529847,
    "cost_improvement_absolute": 0.4867951824750336,
    "cost_improvement_relative": 0.37751717398847173,
    "cost_function_name": "B1HomogeneityCost",
    "cost_function_direction": "maximize",
    "simulation_data": "children_1_tubes_2_id_9492"
}