{
    "best_coil_phase": [
        1.161418080329895,
        -0.6607246398925781,
        0.01972891204059124,
        0.07073230296373367,
        1.2806649208068848,
        -0.8675629496574402,
        -0.13864578306674957,
        1.364715814590454
    ],
    "best_coil_amplitude": [
        0.8765116930007935,
        -1.5862540006637573,
        -0.7973799705505371,
        0.5317709445953369,
        1.335074782371521,
        -1.5030165910720825,
        -1.2151044607162476,
        -0.2003452032804489
    ],
    "best_coil_config_cost": 1.7055973268208962,
    "default_coil_config_cost": 1.6917383791995741,
    "cost_improvement_absolute": 0.013858947621322004,
    "cost_improvement_relative": 0.00819213407446558,
    "cost_function_name": "B1HomogeneityCost",
    "cost_function_direction": "maximize",
    "simulation_data": "children_1_tubes_7_id_21821"
}