{
    "best_coil_phase": [
        0.665090799331665,
        2.2730154991149902,
        -0.18166318535804749,
        0.7752248644828796,
        -1.7745907306671143,
        -1.139799952507019,
        -0.8036217093467712,
        -0.21566152572631836
    ],
    "best_coil_amplitude": [
        -0.3803468942642212,
        -0.47455257177352905,
        0.5610736012458801,
        0.7244479656219482,
        -0.8167157769203186,
        -0.8072160482406616,
        -0.8499868512153625,
        -0.48924583196640015
    ],
    "best_coil_config_cost": 2.4553074583345356,
    "default_coil_config_cost": 1.534613773728742,
    "cost_improvement_absolute": 0.9206936846057936,
    "cost_improvement_relative": 0.5999514016929026,
    "cost_function_name": "B1HomogeneityCost",
    "cost_function_direction": "maximize",
    "simulation_data": "children_2_tubes_4_id_14588"
}