{
    "best_coil_phase": [
        -0.40546634793281555,
        2.8834190368652344,
        0.20211537182331085,
        -1.3318257331848145,
        0.8940129280090332,
        -0.2644225060939789,
        -0.6580654382705688,
        2.7760095596313477
    ],
    "best_coil_amplitude": [
        -0.03210454806685448,
        -0.5827925801277161,
        0.3362669348716736,
        -0.5173675417900085,
        0.4375574290752411,
        -0.40088021755218506,
        -0.24944262206554413,
        -0.35675328969955444
    ],
    "best_coil_config_cost": 1.9454849795694493,
    "default_coil_config_cost": 1.504816556736682,
    "cost_improvement_absolute": 0.4406684228327673,
    "cost_improvement_relative": 0.2928386326293438,
    "cost_function_name": "B1HomogeneityCost",
    "cost_function_direction": "maximize",
    "simulation_data": "children_0_tubes_5_id_31638"
}