{
    "best_coil_phase": [
        1.198766400070224,
        2.5966725168933227,
        4.5626087110606495,
        2.7710250162758014,
        4.987420553438065,
        4.149659700400382,
        2.1580030033108115,
        1.0930069440045669
    ],
    "best_coil_amplitude": [
        0.11375166612673837,
        0.33100826251412885,
        0.6019117428290915,
        0.29975381284430674,
        0.8616067562173548,
        0.49488481741733314,
        0.19300747917804922,
        0.2033839853392619
    ],
    "best_coil_config_cost": 2.238306396828719,
    "default_coil_config_cost": 1.5626325939615895,
    "cost_improvement_absolute": 0.6756738028671294,
    "cost_improvement_relative": 0.4323945407756789,
    "cost_function_name": "B1HomogeneitySARCost",
    "cost_function_direction": "maximize",
    "simulation_data": "children_0_tubes_5_id_31638"
}