{
    "best_coil_phase": [
        -0.6120776351747146,
        0.14490934871413352,
        1.4403878003984418,
        2.935161912154826,
        3.8838191563591775,
        4.419729352124389,
        4.830645634356371,
        5.206793440310905
    ],
    "best_coil_amplitude": [
        0.03886400655111231,
        0.020596469213679726,
        0.016127982766957576,
        0.021202943766927215,
        0.03730258167873111,
        0.04854136173518616,
        0.05596157417138845,
        0.048945616769543045
    ],
    "best_coil_config_cost": 4.460469945409412,
    "default_coil_config_cost": 1.3004641227002018,
    "cost_improvement_absolute": 3.16000582270921,
    "cost_improvement_relative": 2.429906190835909,
    "cost_function_name": "B1HomogeneitySARCost",
    "cost_function_direction": "maximize",
    "simulation_data": "children_1_tubes_2_id_9492"
}