{
    "best_coil_phase": [
        -0.24355580049358325,
        0.8797510513443118,
        1.778454149322342,
        2.528797328232451,
        3.3194070818385906,
        3.942202356550933,
        4.610397648119755,
        5.21365552785459
    ],
    "best_coil_amplitude": [
        0.09992793584428013,
        0.08213582059382803,
        0.11273992823861308,
        0.12278573490744495,
        0.1300051829723644,
        0.13328247003271912,
        0.14615873008065486,
        0.11675508673804622
    ],
    "best_coil_config_cost": 7.393685430784149,
    "default_coil_config_cost": 1.553136731020937,
    "cost_improvement_absolute": 5.840548699763213,
    "cost_improvement_relative": 3.760485849770608,
    "cost_function_name": "B1HomogeneitySARCost",
    "cost_function_direction": "maximize",
    "simulation_data": "children_2_tubes_4_id_14588"
}