{
    "best_coil_phase": [
        -0.35276925831105693,
        -0.10318218807406795,
        0.13589199832181584,
        0.056524876826269665,
        3.0644872886466135,
        5.629655330714325,
        5.469183246132539,
        5.799165841453415
    ],
    "best_coil_amplitude": [
        0.0717730181385062,
        0.0569345123286135,
        0.04858799658471074,
        0.04404111635101795,
        -0.03577156180201591,
        0.03273154940169078,
        0.06594880747473131,
        0.07286486856214242
    ],
    "best_coil_config_cost": 2.367790511724847,
    "default_coil_config_cost": 1.568172164346507,
    "cost_improvement_absolute": 0.7996183473783398,
    "cost_improvement_relative": 0.5099046938583807,
    "cost_function_name": "B1HomogeneitySARCost",
    "cost_function_direction": "maximize",
    "simulation_data": "children_3_tubes_10_id_23100"
}