{
    "best_coil_phase": [
        -1.8947080993057077,
        0.921805406987052,
        3.4906739370070516,
        3.8236578288939507,
        4.20208989078281,
        4.399920658708245,
        4.499343655815082,
        4.425440150960141
    ],
    "best_coil_amplitude": [
        0.0442332072855198,
        -0.02915232683028537,
        0.04069346008540719,
        0.060285525745142184,
        0.061862326255906847,
        0.05977160575009117,
        0.06159252654281746,
        0.05402965146176809
    ],
    "best_coil_config_cost": 2.922171612505314,
    "default_coil_config_cost": 1.7077859976210712,
    "cost_improvement_absolute": 1.214385614884243,
    "cost_improvement_relative": 0.7110876986787981,
    "cost_function_name": "B1HomogeneitySARCost",
    "cost_function_direction": "maximize",
    "simulation_data": "children_1_tubes_7_id_21821"
}