{
    "best_coil_phase": [
        4.6785759925842285,
        5.343448638916016,
        0.152817040681839,
        0.25757598876953125,
        0.35759857296943665,
        2.297964334487915,
        4.201938629150391,
        4.550282955169678
    ],
    "best_coil_amplitude": [
        0.9325714111328125,
        0.6866771578788757,
        0.6193886995315552,
        0.5712965726852417,
        0.3756934106349945,
        3.962473016372314e-08,
        0.8284491896629333,
        0.9966634511947632
    ],
    "best_coil_config_cost": 1.7475568311764726,
    "default_coil_config_cost": 1.556482954876582,
    "cost_improvement_absolute": 0.1910738762998907,
    "cost_improvement_relative": 0.12276001847706806,
    "cost_function_name": "B1HomogeneityCost",
    "cost_function_direction": "maximize",
    "simulation_data": "children_3_tubes_10_id_23100"
}