{
    "best_coil_phase": [
        1.3926156759262085,
        3.1848745346069336,
        4.326981067657471,
        5.460804462432861,
        0.006861377507448196,
        0.644966185092926,
        1.7061326503753662,
        5.753199100494385
    ],
    "best_coil_amplitude": [
        0.6187562942504883,
        0.25974854826927185,
        0.5992563962936401,
        0.8237253427505493,
        0.9892394542694092,
        0.9158502221107483,
        0.6456141471862793,
        0.6484602093696594
    ],
    "best_coil_config_cost": 1.763455188661116,
    "default_coil_config_cost": 1.6917383791995741,
    "cost_improvement_absolute": 0.07171680946154191,
    "cost_improvement_relative": 0.042392375998157504,
    "cost_function_name": "B1HomogeneityCost",
    "cost_function_direction": "maximize",
    "simulation_data": "children_1_tubes_7_id_21821"
}