{
    "best_coil_phase": [
        3.011019706726074,
        2.437788963317871,
        6.278649806976318,
        3.9156856536865234,
        0.6729856133460999,
        1.9201730489730835,
        1.0611475706100464,
        5.9027252197265625
    ],
    "best_coil_amplitude": [
        0.459230899810791,
        0.6408160924911499,
        0.2655828893184662,
        3.606668386169076e-08,
        0.5430209636688232,
        0.9878045916557312,
        0.8836179375648499,
        0.2225174903869629
    ],
    "best_coil_config_cost": 2.1108877752204855,
    "default_coil_config_cost": 1.504816556736682,
    "cost_improvement_absolute": 0.6060712184838035,
    "cost_improvement_relative": 0.4027542199549682,
    "cost_function_name": "B1HomogeneityCost",
    "cost_function_direction": "maximize",
    "simulation_data": "children_0_tubes_5_id_31638"
}