{
    "best_coil_phase": [
        0.7827697396278381,
        1.9066076278686523,
        2.874699115753174,
        3.708894968032837,
        4.478926658630371,
        5.068211078643799,
        5.706694602966309,
        6.28305721282959
    ],
    "best_coil_amplitude": [
        0.6268417239189148,
        0.48842981457710266,
        0.6801832318305969,
        0.7619036436080933,
        0.8408545851707458,
        0.8771665096282959,
        0.9491444826126099,
        0.7624761462211609
    ],
    "best_coil_config_cost": 2.531928497576228,
    "default_coil_config_cost": 1.534613773728742,
    "cost_improvement_absolute": 0.997314723847486,
    "cost_improvement_relative": 0.6498799508519015,
    "cost_function_name": "B1HomogeneityCost",
    "cost_function_direction": "maximize",
    "simulation_data": "children_2_tubes_4_id_14588"
}