{
    "best_coil_phase": [
        3.1500051021575928,
        4.023377895355225,
        5.059018135070801,
        6.200907230377197,
        0.9273004531860352,
        1.5194050073623657,
        2.02376389503479,
        2.5503971576690674
    ],
    "best_coil_amplitude": [
        0.7157495617866516,
        0.46288764476776123,
        0.4720768332481384,
        0.4798209071159363,
        0.6840367913246155,
        0.8541300892829895,
        0.9792133569717407,
        0.8575144410133362
    ],
    "best_coil_config_cost": 1.7968915665855631,
    "default_coil_config_cost": 1.2894649992529847,
    "cost_improvement_absolute": 0.5074265673325784,
    "cost_improvement_relative": 0.3935171312339162,
    "cost_function_name": "B1HomogeneityCost",
    "cost_function_direction": "maximize",
    "simulation_data": "children_1_tubes_2_id_9492"
}