{
    "best_coil_phase": [
        4.975724636544695,
        2.6010543632101384,
        4.90629353567256,
        5.6210338998582134,
        2.1577095762685445,
        2.797302863400156,
        4.215682571131274,
        5.426283244011295
    ],
    "best_coil_amplitude": [
        0.7292191968318276,
        0.6674102383533582,
        0.706810369802723,
        0.518683039662122,
        0.6583430239364807,
        0.7416089060197165,
        0.8564871942456895,
        0.5370855878716895
    ],
    "best_coil_config_cost": 1.7406865229461292,
    "default_coil_config_cost": 1.5626325939615895,
    "cost_improvement_absolute": 0.17805392898453976,
    "cost_improvement_relative": 0.11394484517511379,
    "cost_function_name": "B1HomogeneitySARCost",
    "cost_function_direction": "maximize",
    "simulation_data": "children_0_tubes_5_id_31638"
}