{
    "best_coil_phase": [
        2.2459364386380254,
        3.2107487199417584,
        3.7051508900236674,
        4.346827771437252,
        4.831853769727043,
        4.99920746482682,
        5.288081036692124,
        5.367098578430432
    ],
    "best_coil_amplitude": [
        0.3548094692771587,
        0.5286851201840577,
        0.8901525010570723,
        0.9586424389669486,
        0.9618867380024779,
        0.9595112003433183,
        0.7554893237657494,
        0.034195448270573824
    ],
    "best_coil_config_cost": 7.724338414055378,
    "default_coil_config_cost": 1.553136731020937,
    "cost_improvement_absolute": 6.171201683034441,
    "cost_improvement_relative": 3.9733795227274493,
    "cost_function_name": "B1HomogeneitySARCost",
    "cost_function_direction": "maximize",
    "simulation_data": "children_2_tubes_4_id_14588"
}