{
    "best_coil_phase": [
        5.551387960030939,
        2.956624689417724,
        3.6644288658015167,
        4.1815230528508485,
        5.167537209371033,
        2.6247180610421883,
        3.847571364847895,
        5.266387874269024
    ],
    "best_coil_amplitude": [
        0.13516601357599012,
        0.6396130914862577,
        0.9180998264664465,
        0.7910101831398205,
        0.5793065691644144,
        0.344958766123295,
        0.7036279360282814,
        0.4382024541989787
    ],
    "best_coil_config_cost": 1.7984023209866336,
    "default_coil_config_cost": 1.7077859976210712,
    "cost_improvement_absolute": 0.09061632336556236,
    "cost_improvement_relative": 0.05306070168732498,
    "cost_function_name": "B1HomogeneitySARCost",
    "cost_function_direction": "maximize",
    "simulation_data": "children_1_tubes_7_id_21821"
}