{
    "best_coil_phase": [
        4.467912789449384,
        5.170914483069687,
        5.764291721920085,
        2.168108360456092,
        3.1158340547972783,
        4.041080220720015,
        5.462714833049344,
        2.498155517810595
    ],
    "best_coil_amplitude": [
        0.7816780244855251,
        0.6365064577387863,
        0.6616117908401677,
        0.3398144449200429,
        0.6510725455692735,
        0.8329477269709581,
        0.5548023051913511,
        0.41975214343671813
    ],
    "best_coil_config_cost": 1.5138589567056755,
    "default_coil_config_cost": 1.3004641227002018,
    "cost_improvement_absolute": 0.21339483400547365,
    "cost_improvement_relative": 0.16409128885646923,
    "cost_function_name": "B1HomogeneitySARCost",
    "cost_function_direction": "maximize",
    "simulation_data": "children_1_tubes_2_id_9492"
}