{
    "best_coil_phase": [
        1.278818348061576,
        2.1414947735660457,
        2.948005450325099,
        3.797707310911044,
        4.809587461624075,
        3.557109174358581,
        5.19371075987042,
        5.377107590537844
    ],
    "best_coil_amplitude": [
        0.6043466293535877,
        0.6117996078621257,
        0.8978430994706897,
        0.7592635715994507,
        0.4112102240620553,
        0.8399501746939698,
        0.7011871969049942,
        0.28511793014392967
    ],
    "best_coil_config_cost": 1.5984417374644144,
    "default_coil_config_cost": 1.568172164346507,
    "cost_improvement_absolute": 0.030269573117907456,
    "cost_improvement_relative": 0.019302455308229167,
    "cost_function_name": "B1HomogeneitySARCost",
    "cost_function_direction": "maximize",
    "simulation_data": "children_3_tubes_10_id_23100"
}