{
    "best_coil_phase": [
        0.5173420906066895,
        1.263545274734497,
        2.210392475128174,
        3.3185360431671143,
        4.344084739685059,
        4.963842868804932,
        5.601467132568359,
        6.186692714691162
    ],
    "best_coil_amplitude": [
        0.7954084277153015,
        0.5829775929450989,
        0.55461186170578,
        0.5038909912109375,
        0.6855509281158447,
        0.8344857692718506,
        0.9566792845726013,
        0.9127282500267029
    ],
    "best_coil_config_cost": 1.7954912763274875,
    "default_coil_config_cost": 1.2894649992529847,
    "cost_improvement_absolute": 0.5060262770745028,
    "cost_improvement_relative": 0.3924311845359547,
    "cost_function_name": "B1HomogeneityCost",
    "cost_function_direction": "maximize",
    "simulation_data": "children_1_tubes_2_id_9492"
}