{
    "best_coil_phase": [
        3.244769334793091,
        3.6481449604034424,
        4.939351558685303,
        5.197742462158203,
        5.7497782707214355,
        2.381488084793091,
        2.992487668991089,
        3.2121007442474365
    ],
    "best_coil_amplitude": [
        0.8403952717781067,
        0.536107063293457,
        0.28299060463905334,
        0.2147063910961151,
        0.06880617141723633,
        0.3345232605934143,
        0.9095450043678284,
        0.929656445980072
    ],
    "best_coil_config_cost": 1.752910407245555,
    "default_coil_config_cost": 1.556482954876582,
    "cost_improvement_absolute": 0.19642745236897308,
    "cost_improvement_relative": 0.12619955249336373,
    "cost_function_name": "B1HomogeneityCost",
    "cost_function_direction": "maximize",
    "simulation_data": "children_3_tubes_10_id_23100"
}