{
    "best_coil_phase": [
        2.0924439430236816,
        5.884150981903076,
        6.168620586395264,
        0.2899157702922821,
        0.920680046081543,
        1.4751461744308472,
        1.5838372707366943,
        1.5639971494674683
    ],
    "best_coil_amplitude": [
        0.16558119654655457,
        0.25455141067504883,
        0.7092726826667786,
        0.7720526456832886,
        0.8271980285644531,
        0.7696846127510071,
        0.8075779676437378,
        0.5652640461921692
    ],
    "best_coil_config_cost": 1.906220048577294,
    "default_coil_config_cost": 1.6917383791995741,
    "cost_improvement_absolute": 0.21448166937771984,
    "cost_improvement_relative": 0.12678181923093765,
    "cost_function_name": "B1HomogeneityCost",
    "cost_function_direction": "maximize",
    "simulation_data": "children_1_tubes_7_id_21821"
}