{
    "best_coil_phase": [
        6.137121677398682,
        5.268649101257324,
        2.6962814331054688,
        2.723818302154541,
        2.5377817153930664,
        1.3730922937393188,
        5.740522384643555,
        5.723135471343994
    ],
    "best_coil_amplitude": [
        0.9953351616859436,
        0.5781735777854919,
        0.24253131449222565,
        0.26749247312545776,
        0.7693266868591309,
        0.5140447616577148,
        0.561606764793396,
        0.3439076840877533
    ],
    "best_coil_config_cost": 2.330932252547749,
    "default_coil_config_cost": 1.504816556736682,
    "cost_improvement_absolute": 0.8261156958110671,
    "cost_improvement_relative": 0.5489809984564276,
    "cost_function_name": "B1HomogeneityCost",
    "cost_function_direction": "maximize",
    "simulation_data": "children_0_tubes_5_id_31638"
}