{
    "best_coil_phase": [
        2.590193748474121,
        3.7711379528045654,
        4.691079139709473,
        5.468904495239258,
        6.232567310333252,
        0.5739058256149292,
        1.1810232400894165,
        1.764052152633667
    ],
    "best_coil_amplitude": [
        0.566373884677887,
        0.4556788206100464,
        0.6642630696296692,
        0.7179763913154602,
        0.786883533000946,
        0.7979286313056946,
        0.8682519197463989,
        0.68023681640625
    ],
    "best_coil_config_cost": 2.530900271745613,
    "default_coil_config_cost": 1.534613773728742,
    "cost_improvement_absolute": 0.9962864980168711,
    "cost_improvement_relative": 0.6492099283040675,
    "cost_function_name": "B1HomogeneityCost",
    "cost_function_direction": "maximize",
    "simulation_data": "children_2_tubes_4_id_14588"
}