{
    "best_coil_phase": [
        3.894690752029419,
        5.909895420074463,
        4.188904285430908,
        6.283059597015381,
        2.0492451190948486,
        2.1405649185180664,
        3.1106832027435303,
        3.5872178077697754
    ],
    "best_coil_amplitude": [
        0.4543823301792145,
        0.6389913558959961,
        0.4984402656555176,
        0.4857654869556427,
        0.700756311416626,
        0.7636581063270569,
        0.3778360188007355,
        0.6566689014434814
    ],
    "best_coil_config_cost": 1.8713843007184574,
    "default_coil_config_cost": 1.5626325939615895,
    "cost_improvement_absolute": 0.3087517067568679,
    "cost_improvement_relative": 0.19758432529179487,
    "cost_function_name": "B1HomogeneitySARCost",
    "cost_function_direction": "maximize",
    "simulation_data": "children_0_tubes_5_id_31638"
}