{
    "best_coil_phase": [
        -1.8581201805696428,
        0.9157707569369471,
        3.5129248471114893,
        3.8601957853237514,
        4.243743451097136,
        4.441519241761911,
        4.541903321460909,
        4.4660816538332755
    ],
    "best_coil_amplitude": [
        0.3279666562391166,
        -0.2165766857395537,
        0.3203998630400952,
        0.4554081958073365,
        0.4670500820457924,
        0.44801154710098606,
        0.4625313416241007,
        0.40311438905072405
    ],
    "best_coil_config_cost": 1.9541551074888655,
    "default_coil_config_cost": 1.6917383791995741,
    "cost_improvement_absolute": 0.2624167282892913,
    "cost_improvement_relative": 0.15511661348810366,
    "cost_function_name": "B1HomogeneityCost",
    "cost_function_direction": "maximize",
    "simulation_data": "children_1_tubes_7_id_21821"
}