{
    "best_coil_phase": [
        -0.4615250106113707,
        0.39804672297301,
        1.4641475906156178,
        2.7079476802440468,
        3.6970722742901883,
        4.266280898812171,
        4.76051233798548,
        5.252628632137161
    ],
    "best_coil_amplitude": [
        0.38336728157902494,
        0.24227711275603597,
        0.22607641152841493,
        0.24308648923314308,
        0.37537033750629367,
        0.4667386536346388,
        0.5397902199063841,
        0.47165047450568226
    ],
    "best_coil_config_cost": 1.7965019252861454,
    "default_coil_config_cost": 1.2894649992529847,
    "cost_improvement_absolute": 0.5070369260331606,
    "cost_improvement_relative": 0.3932149583950694,
    "cost_function_name": "B1HomogeneityCost",
    "cost_function_direction": "maximize",
    "simulation_data": "children_1_tubes_2_id_9492"
}