{
    "best_coil_phase": [
        -0.2595738251640908,
        0.8390353564211697,
        1.8115473189349376,
        2.657308936254584,
        3.431774369825926,
        4.022985397374765,
        4.667409861610555,
        5.243410641290873
    ],
    "best_coil_amplitude": [
        0.30244212148017424,
        0.23432962569688878,
        0.31805854761277974,
        0.3606371868007647,
        0.39685828805064177,
        0.41557855227200957,
        0.4523853131620117,
        0.36444988514359616
    ],
    "best_coil_config_cost": 2.5318257025447752,
    "default_coil_config_cost": 1.534613773728742,
    "cost_improvement_absolute": 0.9972119288160333,
    "cost_improvement_relative": 0.6498129665505663,
    "cost_function_name": "B1HomogeneityCost",
    "cost_function_direction": "maximize",
    "simulation_data": "children_2_tubes_4_id_14588"
}