{
    "best_coil_phase": [
        -0.25736852194006277,
        -0.014296089742865552,
        0.2194659007541957,
        0.13397455203957062,
        3.13331990491197,
        5.6643015893109645,
        5.563773209221891,
        5.894359327029467
    ],
    "best_coil_amplitude": [
        0.5716441400979146,
        0.45269555715672993,
        0.38558593348550657,
        0.3473928039614461,
        -0.27739895653325586,
        0.26391698074900094,
        0.5312899212391394,
        0.580131737798502
    ],
    "best_coil_config_cost": 1.775258509360525,
    "default_coil_config_cost": 1.556482954876582,
    "cost_improvement_absolute": 0.21877555448394315,
    "cost_improvement_relative": 0.14055762949314823,
    "cost_function_name": "B1HomogeneityCost",
    "cost_function_direction": "maximize",
    "simulation_data": "children_3_tubes_10_id_23100"
}