{
    "best_coil_phase": [
        5.348784106648108,
        4.793015082540487,
        2.2243847969565187,
        6.933069817369275,
        0.8290327157184685,
        -0.17224601696873088,
        4.916089530290136,
        4.998359894103555
    ],
    "best_coil_amplitude": [
        1.2094131859328778,
        0.7482687434992397,
        -0.11746655902983903,
        0.17917348118492996,
        0.5447410957128482,
        0.6085541034720113,
        0.7776097162983443,
        0.5385194168752077
    ],
    "best_coil_config_cost": 2.3429443730160706,
    "default_coil_config_cost": 1.504816556736682,
    "cost_improvement_absolute": 0.8381278162793886,
    "cost_improvement_relative": 0.5569634468249987,
    "cost_function_name": "B1HomogeneityCost",
    "cost_function_direction": "maximize",
    "simulation_data": "children_0_tubes_5_id_31638"
}