{
    "best_coil_phase": [
        5.339219581247294,
        4.414394831620202,
        3.807930143120816,
        2.9549603779720157,
        0.7378392658736681,
        6.0504667855333825,
        1.228245459739714,
        0.45590885695372857
    ],
    "best_coil_amplitude": [
        0.6141339983486224,
        0.6358293105552274,
        0.9393682417041292,
        0.8341095752296929,
        0.7260956412676649,
        0.38841864761378475,
        0.9555104105754405,
        0.6809535073354928
    ],
    "best_coil_config_cost": 2.171494811261846,
    "default_coil_config_cost": 1.504816556736682,
    "cost_improvement_absolute": 0.6666782545251642,
    "cost_improvement_relative": 0.44302958492888367,
    "cost_function_name": "B1HomogeneityCost",
    "cost_function_direction": "maximize",
    "simulation_data": "children_0_tubes_5_id_31638"
}