{
    "best_coil_phase": [
        4.358560545209604,
        5.159107246951334,
        6.170408749573676,
        1.1431063137959414,
        2.199384251980378,
        2.791746419113214,
        3.286574893378808,
        3.796862141604742
    ],
    "best_coil_amplitude": [
        0.6862045643555096,
        0.43849602304109864,
        0.4078753382507631,
        0.39826759858671135,
        0.6101279946555604,
        0.7870330728375449,
        0.9169531472966478,
        0.8145367219078732
    ],
    "best_coil_config_cost": 1.7967794832832518,
    "default_coil_config_cost": 1.2894649992529847,
    "cost_improvement_absolute": 0.507314484030267,
    "cost_improvement_relative": 0.39343020890382085,
    "cost_function_name": "B1HomogeneityCost",
    "cost_function_direction": "maximize",
    "simulation_data": "children_1_tubes_2_id_9492"
}