{
    "best_coil_phase": [
        4.409615000234707,
        4.448793039199436,
        4.218975802289385,
        3.38845503428679,
        3.4232907174637175,
        4.051893385739647,
        4.391900616331845,
        4.512393703061279
    ],
    "best_coil_amplitude": [
        0.8104191571150182,
        0.5382680583684,
        0.12282377737215687,
        0.2064878088244307,
        0.43455161504817424,
        0.7668370675700066,
        0.9187436062946382,
        0.9094927331604913
    ],
    "best_coil_config_cost": 1.7515205416813386,
    "default_coil_config_cost": 1.556482954876582,
    "cost_improvement_absolute": 0.1950375868047567,
    "cost_improvement_relative": 0.12530659985301398,
    "cost_function_name": "B1HomogeneityCost",
    "cost_function_direction": "maximize",
    "simulation_data": "children_3_tubes_10_id_23100"
}