{
    "best_coil_phase": [
        4.963147739816497,
        6.131962480748114,
        1.8305199690184943,
        3.3175659857734447,
        4.2010040278168805,
        5.468451502457293,
        1.3861430147408136,
        3.653555103903949
    ],
    "best_coil_amplitude": [
        0.6828109247150828,
        0.36368099497717515,
        0.5785991579645505,
        0.858348463536285,
        0.8317156042600816,
        0.5429950209389124,
        0.4375422156082074,
        0.6961244052347866
    ],
    "best_coil_config_cost": 1.7401485885199601,
    "default_coil_config_cost": 1.6917383791995741,
    "cost_improvement_absolute": 0.04841020932038598,
    "cost_improvement_relative": 0.02861565943978329,
    "cost_function_name": "B1HomogeneityCost",
    "cost_function_direction": "maximize",
    "simulation_data": "children_1_tubes_7_id_21821"
}