{
    "best_coil_phase": [
        4.900489212265833,
        5.999780390288978,
        1.0003642025556467,
        1.9461231648177801,
        2.682112391522319,
        3.2078126622485974,
        3.7619415699640992,
        4.242379596332819
    ],
    "best_coil_amplitude": [
        0.5432992295253192,
        0.32895100101269265,
        0.4757091092181695,
        0.6257765881206784,
        0.7607402853046191,
        0.8257937072137254,
        0.8913455517366008,
        0.7117061990074858
    ],
    "best_coil_config_cost": 2.5293924432348422,
    "default_coil_config_cost": 1.534613773728742,
    "cost_improvement_absolute": 0.9947786695061003,
    "cost_improvement_relative": 0.6482273823784519,
    "cost_function_name": "B1HomogeneityCost",
    "cost_function_direction": "maximize",
    "simulation_data": "children_2_tubes_4_id_14588"
}