{
    "best_coil_phase": [
        4.239774703979492,
        4.56069803237915,
        4.952763557434082,
        4.743966102600098,
        0.8941967487335205,
        3.295269250869751,
        3.457937002182007,
        4.170499324798584
    ],
    "best_coil_amplitude": [
        1.4858171939849854,
        0.7970697283744812,
        1.1398359537124634,
        0.6939175724983215,
        -0.30549806356430054,
        0.8677235841751099,
        1.2221487760543823,
        1.359931468963623
    ],
    "best_coil_config_cost": 2.310968312655273,
    "default_coil_config_cost": 1.568172164346507,
    "cost_improvement_absolute": 0.7427961483087662,
    "cost_improvement_relative": 0.47367002501176664,
    "cost_function_name": "B1HomogeneitySARCost",
    "cost_function_direction": "maximize",
    "simulation_data": "children_3_tubes_10_id_23100"
}