{
    "best_coil_phase": [
        7.597967624664307,
        1.6162651777267456,
        2.1575090885162354,
        2.553694248199463,
        2.926417350769043,
        2.6747679710388184,
        3.1687512397766113,
        6.822237014770508
    ],
    "best_coil_amplitude": [
        0.5756320357322693,
        1.2240166664123535,
        2.545053243637085,
        2.047793388366699,
        2.040114402770996,
        1.475823163986206,
        1.5798019170761108,
        0.13455404341220856
    ],
    "best_coil_config_cost": 3.3943433885640566,
    "default_coil_config_cost": 1.7077859976210712,
    "cost_improvement_absolute": 1.6865573909429854,
    "cost_improvement_relative": 0.9875695159067606,
    "cost_function_name": "B1HomogeneitySARCost",
    "cost_function_direction": "maximize",
    "simulation_data": "children_1_tubes_7_id_21821"
}