{
    "best_coil_phase": [
        2.727445125579834,
        1.4198251962661743,
        3.907621145248413,
        5.320562839508057,
        5.480310440063477,
        5.679823398590088,
        0.1305346041917801,
        -1.8362858295440674
    ],
    "best_coil_amplitude": [
        2.1247000694274902,
        0.5035093426704407,
        2.512646436691284,
        -0.5190626382827759,
        1.2573843002319336,
        1.0591881275177002,
        2.413318157196045,
        -2.0796761512756348
    ],
    "best_coil_config_cost": 1.7800540821868382,
    "default_coil_config_cost": 1.5626325939615895,
    "cost_improvement_absolute": 0.21742148822524876,
    "cost_improvement_relative": 0.1391379451992879,
    "cost_function_name": "B1HomogeneitySARCost",
    "cost_function_direction": "maximize",
    "simulation_data": "children_0_tubes_5_id_31638"
}