{
    "best_coil_phase": [
        3.3542585372924805,
        4.593371391296387,
        5.0699872970581055,
        6.330060958862305,
        0.07980848848819733,
        1.371849536895752,
        2.0116195678710938,
        3.0603439807891846
    ],
    "best_coil_amplitude": [
        1.490730881690979,
        1.1269316673278809,
        1.5710432529449463,
        1.648306965827942,
        1.3350787162780762,
        1.1485432386398315,
        1.4655606746673584,
        1.4288181066513062
    ],
    "best_coil_config_cost": 6.883143557620016,
    "default_coil_config_cost": 1.553136731020937,
    "cost_improvement_absolute": 5.33000682659908,
    "cost_improvement_relative": 3.43176921911792,
    "cost_function_name": "B1HomogeneitySARCost",
    "cost_function_direction": "maximize",
    "simulation_data": "children_2_tubes_4_id_14588"
}