{
    "best_coil_phase": [
        4.201800890012746,
        5.3254359027551015,
        0.009736898584825895,
        0.8435324206148764,
        1.6135037046746141,
        2.20277020180677,
        2.8419913117604123,
        3.4186427096988123
    ],
    "best_coil_amplitude": [
        0.4560440258293425,
        0.35558890080017513,
        0.49507509210819545,
        0.5544281697586173,
        0.6116389724536583,
        0.6378954992979593,
        0.6903204376414132,
        0.5545529990108093
    ],
    "best_coil_config_cost": 2.5319285796158573,
    "default_coil_config_cost": 1.534613773728742,
    "cost_improvement_absolute": 0.9973148058871153,
    "cost_improvement_relative": 0.6498800043113653,
    "cost_function_name": "B1HomogeneityCost",
    "cost_function_direction": "maximize",
    "simulation_data": "children_2_tubes_4_id_14588"
}