{
    "best_coil_phase": [
        0.02549911402857042,
        3.733091439884669,
        4.090373718982635,
        4.442311974161983,
        5.017348940765101,
        5.5179270820288995,
        5.652389263814473,
        0.03613430567745946
    ],
    "best_coil_amplitude": [
        0.20117286393613937,
        0.3449675727144549,
        0.7492960166615814,
        0.7719250505877917,
        0.7966131118668578,
        0.6771946884996466,
        0.645967380470722,
        0.3529865500954762
    ],
    "best_coil_config_cost": 1.889412971937146,
    "default_coil_config_cost": 1.6917383791995741,
    "cost_improvement_absolute": 0.19767459273757182,
    "cost_improvement_relative": 0.11684702266499339,
    "cost_function_name": "B1HomogeneityCost",
    "cost_function_direction": "maximize",
    "simulation_data": "children_1_tubes_7_id_21821"
}