{
    "best_coil_phase": [
        0.2702397546562048,
        0.0730186502249781,
        0.7497788499891606,
        0.43202830952293875,
        0.0036755736371041742,
        5.45352366283879,
        2.919276478474286,
        1.5140769844308692
    ],
    "best_coil_amplitude": [
        0.5220595944251782,
        0.3914060643742745,
        0.7999838017822241,
        0.6042954656904374,
        0.42423313617965847,
        0.20000249260474126,
        0.20000014352901263,
        0.32928940098282
    ],
    "best_coil_config_cost": 2.216621273864366,
    "default_coil_config_cost": 1.504816556736682,
    "cost_improvement_absolute": 0.7118047171276838,
    "cost_improvement_relative": 0.4730176006777136,
    "cost_function_name": "B1HomogeneityCost",
    "cost_function_direction": "maximize",
    "simulation_data": "children_0_tubes_5_id_31638"
}