{
    "best_coil_phase": [
        0.0010122185427522547,
        0.3881112165311453,
        0.731412598696167,
        0.6649053549122249,
        0.5412589148789198,
        5.62174121111804,
        5.389789861973151,
        5.653120943824144
    ],
    "best_coil_amplitude": [
        0.7030147363786905,
        0.6013466210813143,
        0.5700209916670937,
        0.5038611004012977,
        0.3272946250911191,
        0.22386110565046394,
        0.5945103790236572,
        0.6177986573778833
    ],
    "best_coil_config_cost": 1.7485535288241036,
    "default_coil_config_cost": 1.556482954876582,
    "cost_improvement_absolute": 0.1920705739475217,
    "cost_improvement_relative": 0.12340037091042319,
    "cost_function_name": "B1HomogeneityCost",
    "cost_function_direction": "maximize",
    "simulation_data": "children_3_tubes_10_id_23100"
}