{
    "best_coil_phase": [
        1.642802592220122,
        2.5088730212189727,
        3.516144614456604,
        4.632885029365777,
        5.654858024200904,
        2.2551161493744765e-06,
        0.5080206002059884,
        1.0404851923394922
    ],
    "best_coil_amplitude": [
        0.5060404393891111,
        0.3331997764955008,
        0.3393793249129342,
        0.3345023289298491,
        0.4660795124120212,
        0.5869795043970798,
        0.6796322413359112,
        0.6001271501315618
    ],
    "best_coil_config_cost": 1.7968562675835698,
    "default_coil_config_cost": 1.2894649992529847,
    "cost_improvement_absolute": 0.507391268330585,
    "cost_improvement_relative": 0.3934897563132988,
    "cost_function_name": "B1HomogeneityCost",
    "cost_function_direction": "maximize",
    "simulation_data": "children_1_tubes_2_id_9492"
}